INDICATOR,Date,Value
Savings Rate,2000-01-01,5.4
Prime Lending Rate Of Commercial Banks,2000-01-01,21.3
Savings Rate,2000-02-01,4.9
Prime Lending Rate Of Commercial Banks,2000-02-01,21.2
Savings Rate,2000-03-01,5.0
Prime Lending Rate Of Commercial Banks,2000-03-01,21.9
Savings Rate,2000-04-01,5.2
Prime Lending Rate Of Commercial Banks,2000-04-01,21.5
Savings Rate,2000-05-01,5.1
Prime Lending Rate Of Commercial Banks,2000-05-01,20.8
Savings Rate,2000-06-01,5.1
Prime Lending Rate Of Commercial Banks,2000-06-01,20.8
Savings Rate,2000-07-01,4.77
Prime Lending Rate Of Commercial Banks,2000-07-01,20.99
Savings Rate,2000-08-01,5.1
Prime Lending Rate Of Commercial Banks,2000-08-01,21.5
Savings Rate,2000-09-01,5.0
Prime Lending Rate Of Commercial Banks,2000-09-01,21.3
Savings Rate,2000-10-01,4.95
Prime Lending Rate Of Commercial Banks,2000-10-01,21.25
Savings Rate,2000-11-01,5.0
Prime Lending Rate Of Commercial Banks,2000-11-01,21.4
Savings Rate,2000-12-01,4.9
Prime Lending Rate Of Commercial Banks,2000-12-01,21.33
Savings Rate,2001-01-01,4.6
Prime Lending Rate Of Commercial Banks,2001-01-01,21.3
Savings Rate,2001-02-01,4.6
Prime Lending Rate Of Commercial Banks,2001-02-01,21.4
Savings Rate,2001-03-01,4.9
Prime Lending Rate Of Commercial Banks,2001-03-01,21.7
Savings Rate,2001-04-01,4.8
Prime Lending Rate Of Commercial Banks,2001-04-01,22.2
Savings Rate,2001-05-01,4.7
Prime Lending Rate Of Commercial Banks,2001-05-01,22.6
Savings Rate,2001-06-01,5.2
Prime Lending Rate Of Commercial Banks,2001-06-01,23.5
Savings Rate,2001-07-01,5.1
Prime Lending Rate Of Commercial Banks,2001-07-01,23.6
Savings Rate,2001-08-01,5.0
Prime Lending Rate Of Commercial Banks,2001-08-01,23.7
Savings Rate,2001-09-01,5.0
Prime Lending Rate Of Commercial Banks,2001-09-01,23.9
Savings Rate,2001-10-01,5.0
Prime Lending Rate Of Commercial Banks,2001-10-01,25.09
Savings Rate,2001-11-01,5.0
Prime Lending Rate Of Commercial Banks,2001-11-01,24.66
Savings Rate,2001-12-01,5.0
Prime Lending Rate Of Commercial Banks,2001-12-01,25.98
Savings Rate,2002-01-01,3.38
Prime Lending Rate Of Commercial Banks,2002-01-01,25.98
Savings Rate,2002-02-01,3.38
Prime Lending Rate Of Commercial Banks,2002-02-01,25.98
Savings Rate,2002-03-01,8.51
Prime Lending Rate Of Commercial Banks,2002-03-01,24.49
Savings Rate,2002-04-01,4.05
Prime Lending Rate Of Commercial Banks,2002-04-01,25.4
Savings Rate,2002-05-01,3.16
Prime Lending Rate Of Commercial Banks,2002-05-01,25.58
Savings Rate,2002-06-01,3.69
Prime Lending Rate Of Commercial Banks,2002-06-01,25.26
Savings Rate,2002-07-01,3.58
Prime Lending Rate Of Commercial Banks,2002-07-01,26.38
Savings Rate,2002-08-01,4.05
Prime Lending Rate Of Commercial Banks,2002-08-01,26.21
Savings Rate,2002-09-01,4.39
Prime Lending Rate Of Commercial Banks,2002-09-01,26.16
Savings Rate,2002-10-01,4.03
Prime Lending Rate Of Commercial Banks,2002-10-01,25.11
Savings Rate,2002-11-01,3.78
Prime Lending Rate Of Commercial Banks,2002-11-01,21.06
Savings Rate,2002-12-01,3.74
Prime Lending Rate Of Commercial Banks,2002-12-01,20.59
Savings Rate,2003-01-01,3.56
Prime Lending Rate Of Commercial Banks,2003-01-01,21.93
Savings Rate,2003-02-01,4.26
Prime Lending Rate Of Commercial Banks,2003-02-01,21.63
Savings Rate,2003-03-01,5.03
Prime Lending Rate Of Commercial Banks,2003-03-01,21.16
Savings Rate,2003-04-01,5.28
Prime Lending Rate Of Commercial Banks,2003-04-01,21.1
Savings Rate,2003-05-01,4.62
Prime Lending Rate Of Commercial Banks,2003-05-01,21.14
Savings Rate,2003-06-01,3.6
Prime Lending Rate Of Commercial Banks,2003-06-01,21.15
Savings Rate,2003-07-01,3.58
Prime Lending Rate Of Commercial Banks,2003-07-01,20.94
Savings Rate,2003-08-01,4.41
Prime Lending Rate Of Commercial Banks,2003-08-01,20.27
Savings Rate,2003-09-01,4.81
Prime Lending Rate Of Commercial Banks,2003-09-01,20.04
Savings Rate,2003-10-01,3.63
Prime Lending Rate Of Commercial Banks,2003-10-01,20.0
Savings Rate,2003-11-01,3.38
Prime Lending Rate Of Commercial Banks,2003-11-01,19.63
Savings Rate,2003-12-01,3.16
Prime Lending Rate Of Commercial Banks,2003-12-01,19.58
Savings Rate,2004-01-01,3.52
Prime Lending Rate Of Commercial Banks,2004-01-01,19.49
Savings Rate,2004-02-01,4.15
Prime Lending Rate Of Commercial Banks,2004-02-01,19.57
Savings Rate,2004-03-01,5.7
Prime Lending Rate Of Commercial Banks,2004-03-01,19.47
Savings Rate,2004-04-01,3.13
Prime Lending Rate Of Commercial Banks,2004-04-01,19.46
Savings Rate,2004-05-01,3.52
Prime Lending Rate Of Commercial Banks,2004-05-01,19.4
Savings Rate,2004-06-01,3.32
Prime Lending Rate Of Commercial Banks,2004-06-01,19.21
Savings Rate,2004-07-01,4.69
Prime Lending Rate Of Commercial Banks,2004-07-01,19.04
Savings Rate,2004-08-01,4.63
Prime Lending Rate Of Commercial Banks,2004-08-01,18.81
Savings Rate,2004-09-01,4.37
Prime Lending Rate Of Commercial Banks,2004-09-01,19.0
Savings Rate,2004-10-01,4.41
Prime Lending Rate Of Commercial Banks,2004-10-01,18.93
Savings Rate,2004-11-01,4.42
Prime Lending Rate Of Commercial Banks,2004-11-01,18.89
Savings Rate,2004-12-01,4.37
Prime Lending Rate Of Commercial Banks,2004-12-01,18.91
Savings Rate,2005-01-01,4.41
Prime Lending Rate Of Commercial Banks,2005-01-01,18.86
Savings Rate,2005-02-01,4.36
Prime Lending Rate Of Commercial Banks,2005-02-01,18.43
Savings Rate,2005-03-01,4.22
Prime Lending Rate Of Commercial Banks,2005-03-01,18.2
Savings Rate,2005-04-01,4.01
Prime Lending Rate Of Commercial Banks,2005-04-01,18.19
Savings Rate,2005-05-01,4.07
Prime Lending Rate Of Commercial Banks,2005-05-01,18.1
Savings Rate,2005-06-01,4.03
Prime Lending Rate Of Commercial Banks,2005-06-01,17.8
Savings Rate,2005-07-01,3.75
Prime Lending Rate Of Commercial Banks,2005-07-01,17.78
Savings Rate,2005-08-01,3.64
Prime Lending Rate Of Commercial Banks,2005-08-01,17.53
Savings Rate,2005-09-01,3.44
Prime Lending Rate Of Commercial Banks,2005-09-01,17.6
Savings Rate,2005-10-01,3.32
Prime Lending Rate Of Commercial Banks,2005-10-01,17.54
Savings Rate,2005-11-01,3.35
Prime Lending Rate Of Commercial Banks,2005-11-01,17.57
Savings Rate,2005-12-01,3.32
Prime Lending Rate Of Commercial Banks,2005-12-01,17.78
Savings Rate,2006-01-01,4.5
Prime Lending Rate Of Commercial Banks,2006-01-01,16.69
Savings Rate,2006-02-01,2.96
Prime Lending Rate Of Commercial Banks,2006-02-01,16.57
Savings Rate,2006-03-01,2.98
Prime Lending Rate Of Commercial Banks,2006-03-01,16.3
Savings Rate,2006-04-01,2.98
Prime Lending Rate Of Commercial Banks,2006-04-01,16.25
Savings Rate,2006-05-01,2.95
Prime Lending Rate Of Commercial Banks,2006-05-01,16.97
Savings Rate,2006-06-01,2.96
Prime Lending Rate Of Commercial Banks,2006-06-01,17.08
Savings Rate,2006-07-01,2.96
Prime Lending Rate Of Commercial Banks,2006-07-01,17.08
Savings Rate,2006-08-01,2.91
Prime Lending Rate Of Commercial Banks,2006-08-01,16.81
Savings Rate,2006-09-01,2.93
Prime Lending Rate Of Commercial Banks,2006-09-01,17.19
Savings Rate,2006-10-01,3.08
Prime Lending Rate Of Commercial Banks,2006-10-01,17.19
Savings Rate,2006-11-01,3.1
Prime Lending Rate Of Commercial Banks,2006-11-01,17.26
Savings Rate,2006-12-01,3.25
Prime Lending Rate Of Commercial Banks,2006-12-01,17.33
Savings Rate,2007-01-01,3.36
Prime Lending Rate Of Commercial Banks,2007-01-01,17.64
Savings Rate,2007-02-01,3.19
Prime Lending Rate Of Commercial Banks,2007-02-01,17.63
Savings Rate,2007-03-01,4.3
Prime Lending Rate Of Commercial Banks,2007-03-01,17.18
Savings Rate,2007-04-01,3.84
Prime Lending Rate Of Commercial Banks,2007-04-01,18.05
Savings Rate,2007-05-01,3.82
Prime Lending Rate Of Commercial Banks,2007-05-01,16.94
Savings Rate,2007-06-01,3.78
Prime Lending Rate Of Commercial Banks,2007-06-01,16.92
Savings Rate,2007-07-01,3.77
Prime Lending Rate Of Commercial Banks,2007-07-01,16.57
Savings Rate,2007-08-01,3.71
Prime Lending Rate Of Commercial Banks,2007-08-01,16.42
Savings Rate,2007-09-01,3.05
Prime Lending Rate Of Commercial Banks,2007-09-01,16.46
Savings Rate,2007-10-01,3.39
Prime Lending Rate Of Commercial Banks,2007-10-01,16.5
Savings Rate,2007-11-01,3.15
Prime Lending Rate Of Commercial Banks,2007-11-01,16.5
Savings Rate,2007-12-01,3.19
Prime Lending Rate Of Commercial Banks,2007-12-01,16.46
Savings Rate,2008-01-01,2.88
Prime Lending Rate Of Commercial Banks,2008-01-01,15.52
Savings Rate,2008-02-01,2.83
Prime Lending Rate Of Commercial Banks,2008-02-01,15.58
Savings Rate,2008-03-01,2.94
Prime Lending Rate Of Commercial Banks,2008-03-01,15.23
Savings Rate,2008-04-01,2.97
Prime Lending Rate Of Commercial Banks,2008-04-01,15.39
Savings Rate,2008-05-01,2.76
Prime Lending Rate Of Commercial Banks,2008-05-01,15.02
Savings Rate,2008-06-01,2.79
Prime Lending Rate Of Commercial Banks,2008-06-01,15.17
Savings Rate,2008-07-01,2.82
Prime Lending Rate Of Commercial Banks,2008-07-01,15.22
Savings Rate,2008-08-01,2.79
Prime Lending Rate Of Commercial Banks,2008-08-01,15.08
Savings Rate,2008-09-01,2.75
Prime Lending Rate Of Commercial Banks,2008-09-01,14.77
Savings Rate,2008-10-01,2.79
Prime Lending Rate Of Commercial Banks,2008-10-01,14.81
Savings Rate,2008-11-01,2.78
Prime Lending Rate Of Commercial Banks,2008-11-01,14.58
Savings Rate,2008-12-01,2.92
Prime Lending Rate Of Commercial Banks,2008-12-01,15.26
Savings Rate,2009-01-01,2.59
Prime Lending Rate Of Commercial Banks,2009-01-01,16.78
Savings Rate,2009-02-01,2.59
Prime Lending Rate Of Commercial Banks,2009-02-01,18.9
Savings Rate,2009-03-01,2.62
Prime Lending Rate Of Commercial Banks,2009-03-01,19.19
Savings Rate,2009-04-01,2.58
Prime Lending Rate Of Commercial Banks,2009-04-01,19.28
Savings Rate,2009-05-01,2.6
Prime Lending Rate Of Commercial Banks,2009-05-01,18.75
Savings Rate,2009-06-01,2.67
Prime Lending Rate Of Commercial Banks,2009-06-01,19.08
Savings Rate,2009-07-01,2.4
Prime Lending Rate Of Commercial Banks,2009-07-01,19.34
Savings Rate,2009-08-01,2.79
Prime Lending Rate Of Commercial Banks,2009-08-01,19.39
Savings Rate,2009-09-01,2.36
Prime Lending Rate Of Commercial Banks,2009-09-01,18.91
Savings Rate,2009-10-01,2.23
Prime Lending Rate Of Commercial Banks,2009-10-01,19.06
Savings Rate,2009-11-01,3.35
Prime Lending Rate Of Commercial Banks,2009-11-01,19.66
Savings Rate,2009-12-01,3.33
Prime Lending Rate Of Commercial Banks,2009-12-01,19.55
Savings Rate,2010-01-01,3.34
Prime Lending Rate Of Commercial Banks,2010-01-01,18.82
Savings Rate,2010-02-01,3.31
Prime Lending Rate Of Commercial Banks,2010-02-01,18.74
Savings Rate,2010-03-01,3.03
Prime Lending Rate Of Commercial Banks,2010-03-01,19.03
Savings Rate,2010-04-01,2.94
Prime Lending Rate Of Commercial Banks,2010-04-01,19.05
Savings Rate,2010-05-01,2.92
Prime Lending Rate Of Commercial Banks,2010-05-01,18.77
Savings Rate,2010-06-01,1.95
Prime Lending Rate Of Commercial Banks,2010-06-01,17.65
Savings Rate,2010-07-01,1.62
Prime Lending Rate Of Commercial Banks,2010-07-01,17.4
Savings Rate,2010-08-01,1.41
Prime Lending Rate Of Commercial Banks,2010-08-01,16.89
Savings Rate,2010-09-01,1.49
Prime Lending Rate Of Commercial Banks,2010-09-01,16.66
Savings Rate,2010-10-01,1.48
Prime Lending Rate Of Commercial Banks,2010-10-01,16.16
Savings Rate,2010-11-01,1.48
Prime Lending Rate Of Commercial Banks,2010-11-01,16.11
Savings Rate,2010-12-01,1.51
Prime Lending Rate Of Commercial Banks,2010-12-01,15.74
Savings Rate,2011-01-01,1.48
Prime Lending Rate Of Commercial Banks,2011-01-01,15.77
Savings Rate,2011-02-01,1.51
Prime Lending Rate Of Commercial Banks,2011-02-01,15.75
Savings Rate,2011-03-01,1.34
Prime Lending Rate Of Commercial Banks,2011-03-01,15.81
Savings Rate,2011-04-01,1.41
Prime Lending Rate Of Commercial Banks,2011-04-01,15.75
Savings Rate,2011-05-01,1.39
Prime Lending Rate Of Commercial Banks,2011-05-01,15.81
Savings Rate,2011-06-01,1.33
Prime Lending Rate Of Commercial Banks,2011-06-01,15.76
Savings Rate,2011-07-01,1.42
Prime Lending Rate Of Commercial Banks,2011-07-01,15.84
Savings Rate,2011-08-01,1.42
Prime Lending Rate Of Commercial Banks,2011-08-01,15.82
Savings Rate,2011-09-01,1.42
Prime Lending Rate Of Commercial Banks,2011-09-01,15.87
Savings Rate,2011-10-01,1.4
Prime Lending Rate Of Commercial Banks,2011-10-01,16.49
Savings Rate,2011-11-01,1.43
Prime Lending Rate Of Commercial Banks,2011-11-01,16.82
Savings Rate,2011-12-01,1.37
Prime Lending Rate Of Commercial Banks,2011-12-01,16.75
Savings Rate,2012-01-01,1.42
Prime Lending Rate Of Commercial Banks,2012-01-01,16.92
Savings Rate,2012-02-01,1.49
Prime Lending Rate Of Commercial Banks,2012-02-01,17.11
Savings Rate,2012-03-01,1.67
Prime Lending Rate Of Commercial Banks,2012-03-01,17.27
Savings Rate,2012-04-01,1.81
Prime Lending Rate Of Commercial Banks,2012-04-01,16.9
Savings Rate,2012-05-01,1.78
Prime Lending Rate Of Commercial Banks,2012-05-01,16.98
Savings Rate,2012-06-01,1.76
Prime Lending Rate Of Commercial Banks,2012-06-01,16.93
Savings Rate,2012-07-01,1.79
Prime Lending Rate Of Commercial Banks,2012-07-01,16.96
Savings Rate,2012-08-01,1.78
Prime Lending Rate Of Commercial Banks,2012-08-01,16.53
Savings Rate,2012-09-01,1.79
Prime Lending Rate Of Commercial Banks,2012-09-01,16.37
Savings Rate,2012-10-01,1.76
Prime Lending Rate Of Commercial Banks,2012-10-01,16.48
Savings Rate,2012-11-01,1.65
Prime Lending Rate Of Commercial Banks,2012-11-01,16.51
Savings Rate,2012-12-01,1.66
Prime Lending Rate Of Commercial Banks,2012-12-01,16.54
Savings Rate,2013-01-01,1.69
Prime Lending Rate Of Commercial Banks,2013-01-01,16.57
Savings Rate,2013-02-01,1.72
Prime Lending Rate Of Commercial Banks,2013-02-01,16.56
Savings Rate,2013-03-01,1.77
Prime Lending Rate Of Commercial Banks,2013-03-01,16.61
Savings Rate,2013-04-01,1.82
Prime Lending Rate Of Commercial Banks,2013-04-01,16.65
Savings Rate,2013-05-01,2.25
Prime Lending Rate Of Commercial Banks,2013-05-01,16.66
Savings Rate,2013-06-01,2.04
Prime Lending Rate Of Commercial Banks,2013-06-01,16.56
Savings Rate,2013-07-01,2.42
Prime Lending Rate Of Commercial Banks,2013-07-01,16.47
Savings Rate,2013-08-01,2.45
Prime Lending Rate Of Commercial Banks,2013-08-01,16.55
Savings Rate,2013-09-01,2.43
Prime Lending Rate Of Commercial Banks,2013-09-01,16.76
Savings Rate,2013-10-01,2.39
Prime Lending Rate Of Commercial Banks,2013-10-01,17.1
Savings Rate,2013-11-01,2.53
Prime Lending Rate Of Commercial Banks,2013-11-01,17.17
Savings Rate,2013-12-01,2.53
Prime Lending Rate Of Commercial Banks,2013-12-01,17.01
Savings Rate,2014-01-01,3.27
Prime Lending Rate Of Commercial Banks,2014-01-01,16.95
Savings Rate,2014-02-01,3.26
Prime Lending Rate Of Commercial Banks,2014-02-01,16.93
Savings Rate,2014-03-01,3.38
Prime Lending Rate Of Commercial Banks,2014-03-01,16.69
Savings Rate,2014-04-01,3.42
Prime Lending Rate Of Commercial Banks,2014-04-01,16.7
Savings Rate,2014-05-01,3.41
Prime Lending Rate Of Commercial Banks,2014-05-01,16.5
Savings Rate,2014-06-01,3.42
Prime Lending Rate Of Commercial Banks,2014-06-01,16.5
Savings Rate,2014-07-01,3.41
Prime Lending Rate Of Commercial Banks,2014-07-01,16.44
Savings Rate,2014-08-01,3.24
Prime Lending Rate Of Commercial Banks,2014-08-01,16.6
Savings Rate,2014-09-01,3.43
Prime Lending Rate Of Commercial Banks,2014-09-01,16.44
Savings Rate,2014-10-01,3.43
Prime Lending Rate Of Commercial Banks,2014-10-01,16.48
Savings Rate,2014-11-01,3.43
Prime Lending Rate Of Commercial Banks,2014-11-01,16.47
Savings Rate,2014-12-01,3.46
Prime Lending Rate Of Commercial Banks,2014-12-01,15.88
Savings Rate,2015-01-01,3.48
Prime Lending Rate Of Commercial Banks,2015-01-01,16.86
Savings Rate,2015-02-01,3.47
Prime Lending Rate Of Commercial Banks,2015-02-01,16.77
Savings Rate,2015-03-01,3.76
Prime Lending Rate Of Commercial Banks,2015-03-01,16.9
Savings Rate,2015-04-01,3.6
Prime Lending Rate Of Commercial Banks,2015-04-01,15.95
Savings Rate,2015-05-01,3.6
Prime Lending Rate Of Commercial Banks,2015-05-01,16.08
Savings Rate,2015-06-01,3.6
Prime Lending Rate Of Commercial Banks,2015-06-01,17.24
Savings Rate,2015-07-01,3.63
Prime Lending Rate Of Commercial Banks,2015-07-01,17.3
Savings Rate,2015-08-01,3.63
Prime Lending Rate Of Commercial Banks,2015-08-01,17.29
Savings Rate,2015-09-01,3.72
Prime Lending Rate Of Commercial Banks,2015-09-01,17.02
Savings Rate,2015-10-01,3.71
Prime Lending Rate Of Commercial Banks,2015-10-01,16.84
Savings Rate,2015-11-01,3.47
Prime Lending Rate Of Commercial Banks,2015-11-01,16.98
Savings Rate,2015-12-01,3.33
Prime Lending Rate Of Commercial Banks,2015-12-01,16.96
Savings Rate,2016-01-01,3.29
Prime Lending Rate Of Commercial Banks,2016-01-01,16.54
Savings Rate,2016-02-01,3.29
Prime Lending Rate Of Commercial Banks,2016-02-01,16.72
Savings Rate,2016-03-01,3.26
Prime Lending Rate Of Commercial Banks,2016-03-01,16.82
Savings Rate,2016-04-01,3.54
Prime Lending Rate Of Commercial Banks,2016-04-01,16.77
Savings Rate,2016-05-01,3.57
Prime Lending Rate Of Commercial Banks,2016-05-01,16.13
Savings Rate,2016-06-01,3.61
Prime Lending Rate Of Commercial Banks,2016-06-01,16.78
Savings Rate,2016-07-01,3.89
Prime Lending Rate Of Commercial Banks,2016-07-01,17.14
Savings Rate,2016-08-01,3.93
Prime Lending Rate Of Commercial Banks,2016-08-01,17.18
Savings Rate,2016-09-01,4.05
Prime Lending Rate Of Commercial Banks,2016-09-01,17.09
Savings Rate,2016-10-01,4.08
Prime Lending Rate Of Commercial Banks,2016-10-01,17.1
Savings Rate,2016-11-01,4.28
Prime Lending Rate Of Commercial Banks,2016-11-01,17.06
Savings Rate,2016-12-01,4.18
Prime Lending Rate Of Commercial Banks,2016-12-01,17.09
Savings Rate,2017-01-01,4.22
Prime Lending Rate Of Commercial Banks,2017-01-01,16.91
Savings Rate,2017-02-01,4.22
Prime Lending Rate Of Commercial Banks,2017-02-01,17.13
Savings Rate,2017-03-01,4.23
Prime Lending Rate Of Commercial Banks,2017-03-01,17.43
Savings Rate,2017-04-01,4.24
Prime Lending Rate Of Commercial Banks,2017-04-01,17.44
Savings Rate,2017-05-01,4.08
Prime Lending Rate Of Commercial Banks,2017-05-01,17.58
Savings Rate,2017-06-01,4.08
Prime Lending Rate Of Commercial Banks,2017-06-01,17.59
Savings Rate,2017-07-01,4.08
Prime Lending Rate Of Commercial Banks,2017-07-01,17.65
Savings Rate,2017-08-01,4.08
Prime Lending Rate Of Commercial Banks,2017-08-01,17.69
Savings Rate,2017-09-01,4.08
Prime Lending Rate Of Commercial Banks,2017-09-01,17.88
Savings Rate,2017-10-01,4.08
Prime Lending Rate Of Commercial Banks,2017-10-01,17.86
Savings Rate,2017-11-01,4.08
Prime Lending Rate Of Commercial Banks,2017-11-01,17.77
Savings Rate,2017-12-01,4.08
Prime Lending Rate Of Commercial Banks,2017-12-01,17.71
Savings Rate,2018-01-01,4.07
Prime Lending Rate Of Commercial Banks,2018-01-01,17.5
Savings Rate,2018-02-01,4.07
Prime Lending Rate Of Commercial Banks,2018-02-01,17.53
Savings Rate,2018-03-01,4.07
Prime Lending Rate Of Commercial Banks,2018-03-01,17.35
Savings Rate,2018-04-01,4.07
Prime Lending Rate Of Commercial Banks,2018-04-01,17.24
Savings Rate,2018-05-01,4.07
Prime Lending Rate Of Commercial Banks,2018-05-01,17.08
Savings Rate,2018-06-01,4.07
Prime Lending Rate Of Commercial Banks,2018-06-01,16.78
Savings Rate,2018-07-01,4.07
Prime Lending Rate Of Commercial Banks,2018-07-01,16.83
Savings Rate,2018-08-01,4.07
Prime Lending Rate Of Commercial Banks,2018-08-01,16.65
Savings Rate,2018-09-01,4.07
Prime Lending Rate Of Commercial Banks,2018-09-01,16.59
Savings Rate,2018-10-01,4.07
Prime Lending Rate Of Commercial Banks,2018-10-01,16.53
Savings Rate,2018-11-01,4.07
Prime Lending Rate Of Commercial Banks,2018-11-01,16.64
Savings Rate,2018-12-01,4.07
Prime Lending Rate Of Commercial Banks,2018-12-01,16.17
Savings Rate,2019-01-01,4.07
Prime Lending Rate Of Commercial Banks,2019-01-01,16.01
Savings Rate,2019-02-01,4.07
Prime Lending Rate Of Commercial Banks,2019-02-01,16.08
Savings Rate,2019-03-01,3.97
Prime Lending Rate Of Commercial Banks,2019-03-01,14.92
Savings Rate,2019-04-01,3.91
Prime Lending Rate Of Commercial Banks,2019-04-01,18.23
Savings Rate,2019-05-01,3.91
Prime Lending Rate Of Commercial Banks,2019-05-01,15.33
Savings Rate,2019-06-01,3.93
Prime Lending Rate Of Commercial Banks,2019-06-01,15.8
Savings Rate,2019-07-01,3.93
Prime Lending Rate Of Commercial Banks,2019-07-01,15.46
Savings Rate,2019-08-01,3.93
Prime Lending Rate Of Commercial Banks,2019-08-01,15.4
Savings Rate,2019-09-01,3.93
Prime Lending Rate Of Commercial Banks,2019-09-01,15.15
Savings Rate,2019-10-01,3.93
Prime Lending Rate Of Commercial Banks,2019-10-01,15.07
Savings Rate,2019-11-01,3.93
Prime Lending Rate Of Commercial Banks,2019-11-01,14.91
Savings Rate,2019-12-01,3.89
Prime Lending Rate Of Commercial Banks,2019-12-01,14.99
Savings Rate,2020-01-01,3.89
Prime Lending Rate Of Commercial Banks,2020-01-01,13.65
Savings Rate,2020-02-01,3.89
Prime Lending Rate Of Commercial Banks,2020-02-01,13.43
Savings Rate,2020-03-01,3.89
Prime Lending Rate Of Commercial Banks,2020-03-01,12.7
Savings Rate,2020-04-01,3.69
Prime Lending Rate Of Commercial Banks,2020-04-01,12.58
Savings Rate,2020-05-01,3.83
Prime Lending Rate Of Commercial Banks,2020-05-01,12.47
Savings Rate,2020-06-01,3.78
Prime Lending Rate Of Commercial Banks,2020-06-01,12.22
Savings Rate,2020-07-01,3.78
Prime Lending Rate Of Commercial Banks,2020-07-01,12.1
Savings Rate,2020-08-01,3.78
Prime Lending Rate Of Commercial Banks,2020-08-01,11.79
Savings Rate,2020-09-01,2.41
Prime Lending Rate Of Commercial Banks,2020-09-01,11.55
Savings Rate,2020-10-01,1.87
Prime Lending Rate Of Commercial Banks,2020-10-01,11.31
Savings Rate,2020-11-01,1.84
Prime Lending Rate Of Commercial Banks,2020-11-01,11.6
Savings Rate,2020-12-01,2.04
Prime Lending Rate Of Commercial Banks,2020-12-01,11.35
Savings Rate,2021-01-01,1.86
Prime Lending Rate Of Commercial Banks,2021-01-01,11.25
Savings Rate,2021-02-01,1.79
Prime Lending Rate Of Commercial Banks,2021-02-01,11.21
Savings Rate,2021-03-01,1.86
Prime Lending Rate Of Commercial Banks,2021-03-01,11.13
Savings Rate,2021-04-01,1.86
Prime Lending Rate Of Commercial Banks,2021-04-01,11.24
Savings Rate,2021-05-01,1.83
Prime Lending Rate Of Commercial Banks,2021-05-01,11.29
Savings Rate,2021-06-01,1.81
Prime Lending Rate Of Commercial Banks,2021-06-01,11.67
Savings Rate,2021-07-01,1.82
Prime Lending Rate Of Commercial Banks,2021-07-01,11.57
Savings Rate,2021-08-01,1.82
Prime Lending Rate Of Commercial Banks,2021-08-01,11.62
Savings Rate,2021-09-01,1.28
Prime Lending Rate Of Commercial Banks,2021-09-01,11.73
Savings Rate,2021-10-01,1.28
Prime Lending Rate Of Commercial Banks,2021-10-01,11.61
Savings Rate,2021-11-01,1.83
Prime Lending Rate Of Commercial Banks,2021-11-01,11.8
Savings Rate,2021-12-01,1.25
Prime Lending Rate Of Commercial Banks,2021-12-01,11.68
Savings Rate,2022-01-01,1.25
Prime Lending Rate Of Commercial Banks,2022-01-01,11.68
Savings Rate,2022-02-01,1.25
Prime Lending Rate Of Commercial Banks,2022-02-01,11.78
Savings Rate,2022-03-01,1.28
Prime Lending Rate Of Commercial Banks,2022-03-01,11.84
Savings Rate,2022-04-01,1.28
Prime Lending Rate Of Commercial Banks,2022-04-01,11.83
Savings Rate,2022-05-01,1.37
Prime Lending Rate Of Commercial Banks,2022-05-01,11.96
Savings Rate,2022-06-01,1.38
Prime Lending Rate Of Commercial Banks,2022-06-01,12.29
Savings Rate,2022-07-01,1.42
Prime Lending Rate Of Commercial Banks,2022-07-01,12.1
Savings Rate,2022-08-01,2.93
Prime Lending Rate Of Commercial Banks,2022-08-01,12.23
Savings Rate,2022-09-01,4.08
Prime Lending Rate Of Commercial Banks,2022-09-01,12.23
Savings Rate,2022-10-01,3.77
Prime Lending Rate Of Commercial Banks,2022-10-01,12.23
Savings Rate,2022-11-01,3.93
Prime Lending Rate Of Commercial Banks,2022-11-01,13.17
Savings Rate,2023-01-01,4.29
Prime Lending Rate Of Commercial Banks,2023-01-01,13.67
Savings Rate,2023-02-01,4.3
Prime Lending Rate Of Commercial Banks,2023-02-01,13.62
Savings Rate,2023-03-01,4.58
Prime Lending Rate Of Commercial Banks,2023-03-01,13.97
Savings Rate,2023-04-01,4.59
Prime Lending Rate Of Commercial Banks,2023-04-01,14.05
Savings Rate,2023-05-01,5.13
Prime Lending Rate Of Commercial Banks,2023-05-01,14.07
Savings Rate,2023-06-01,5.18
Prime Lending Rate Of Commercial Banks,2023-06-01,13.85
Savings Rate,2023-07-01,5.24
Prime Lending Rate Of Commercial Banks,2023-07-01,13.98
Savings Rate,2023-08-01,5.26
Prime Lending Rate Of Commercial Banks,2023-08-01,13.99
Savings Rate,2023-09-01,5.26
Prime Lending Rate Of Commercial Banks,2023-09-01,14.32
Savings Rate,2023-10-01,5.26
Prime Lending Rate Of Commercial Banks,2023-10-01,14.39
Savings Rate,2023-11-01,5.26
Prime Lending Rate Of Commercial Banks,2023-11-01,14.05
Savings Rate,2023-12-01,5.28
Prime Lending Rate Of Commercial Banks,2023-12-01,14.17
Savings Rate,2024-01-01,5.28
Prime Lending Rate Of Commercial Banks,2024-01-01,13.82
Savings Rate,2024-02-01,5.86
Prime Lending Rate Of Commercial Banks,2024-02-01,15.06
Savings Rate,2024-03-01,6.28
Prime Lending Rate Of Commercial Banks,2024-03-01,15.7
Savings Rate,2024-04-01,6.29
Prime Lending Rate Of Commercial Banks,2024-04-01,15.54
Savings Rate,2024-05-01,6.68
Prime Lending Rate Of Commercial Banks,2024-05-01,15.54
Savings Rate,2024-06-01,6.67
Prime Lending Rate Of Commercial Banks,2024-06-01,15.85
Savings Rate,2024-07-01,6.74
Prime Lending Rate Of Commercial Banks,2024-07-01,15.89
Savings Rate,2024-08-01,6.75
Prime Lending Rate Of Commercial Banks,2024-08-01,17.01
Savings Rate,2024-09-01,6.79
Prime Lending Rate Of Commercial Banks,2024-09-01,16.75
Savings Rate,2024-10-01,7.56
Prime Lending Rate Of Commercial Banks,2024-10-01,17.36
Savings Rate,2024-11-01,6.56
Prime Lending Rate Of Commercial Banks,2024-11-01,18.39
Savings Rate,2024-12-01,7.51
Prime Lending Rate Of Commercial Banks,2024-12-01,18.56
Savings Rate,2025-01-01,7.5
Prime Lending Rate Of Commercial Banks,2025-01-01,18.49
Savings Rate,2025-02-01,7.51
Prime Lending Rate Of Commercial Banks,2025-02-01,18.35
Savings Rate,2025-03-01,7.5
Prime Lending Rate Of Commercial Banks,2025-03-01,17.96
